,ClientMacAddr,frequency,Name,Job_Title,security_level,classification,Level,lat,lng,localtime
0,9c:e6:5e:f0:5d:3d,56,Hannah Wiggins,Sales Executive,1.0,employee,0,51.46035849,-0.9327721,2019-10-22 09:42:40.764
1,9c:e6:5e:f0:5d:3d,56,Hannah Wiggins,Sales Executive,1.0,employee,0,51.46035849,-0.9327721,2019-10-22 09:39:00.680
2,9c:e6:5e:f0:5d:3d,56,Hannah Wiggins,Sales Executive,1.0,employee,0,51.46035849,-0.9327721,2019-10-22 09:36:38.584
3,9c:e6:5e:f0:5d:3d,56,Hannah Wiggins,Sales Executive,1.0,employee,0,51.46035849,-0.9327721,2019-10-22 09:34:10.465
4,9c:e6:5e:f0:5d:3d,56,Hannah Wiggins,Sales Executive,1.0,employee,0,51.46035849,-0.9327721,2019-10-22 09:34:02.360
5,9c:e6:5e:f0:5d:3d,56,Hannah Wiggins,Sales Executive,1.0,employee,0,51.46040423,-0.93302108,2019-10-22 09:33:32.189
6,9c:e6:5e:f0:5d:3d,56,Hannah Wiggins,Sales Executive,1.0,employee,0,51.46035849,-0.9327721,2019-10-22 09:33:11.143
7,9c:e6:5e:f0:5d:3d,56,Hannah Wiggins,Sales Executive,1.0,employee,0,51.46049219,-0.93303804,2019-10-22 09:33:00.621
8,9c:e6:5e:f0:5d:3d,56,Hannah Wiggins,Sales Executive,1.0,employee,0,51.46035849,-0.9327721,2019-10-22 09:32:58.511
9,9c:e6:5e:f0:5d:3d,56,Hannah Wiggins,Sales Executive,1.0,employee,0,51.46035849,-0.9327721,2019-10-22 09:32:38.170
10,9c:e6:5e:f0:5d:3d,56,Hannah Wiggins,Sales Executive,1.0,employee,0,51.46035849,-0.9327721,2019-10-22 09:32:22.130
11,9c:e6:5e:f0:5d:3d,56,Hannah Wiggins,Sales Executive,1.0,employee,0,51.46035849,-0.9327721,2019-10-22 09:31:01.245
12,9c:e6:5e:f0:5d:3d,56,Hannah Wiggins,Sales Executive,1.0,employee,0,51.46042011,-0.93261704,2019-10-22 09:30:50.921
13,9c:e6:5e:f0:5d:3d,56,Hannah Wiggins,Sales Executive,1.0,employee,0,51.46049051,-0.93277142,2019-10-22 09:30:27.467
14,9c:e6:5e:f0:5d:3d,56,Hannah Wiggins,Sales Executive,1.0,employee,0,51.46035849,-0.9327721,2019-10-22 09:30:16.842
15,9c:e6:5e:f0:5d:3d,56,Hannah Wiggins,Sales Executive,1.0,employee,0,51.460491453835495,-0.9329212089404209,2019-10-22 09:30:04.317
16,9c:e6:5e:f0:5d:3d,56,Hannah Wiggins,Sales Executive,1.0,employee,0,51.46049051,-0.93277142,2019-10-22 09:29:44.868
17,9c:e6:5e:f0:5d:3d,56,Hannah Wiggins,Sales Executive,1.0,employee,0,51.46049051,-0.93277142,2019-10-22 09:29:29.234
18,9c:e6:5e:f0:5d:3d,56,Hannah Wiggins,Sales Executive,1.0,employee,0,51.46049219,-0.93303804,2019-10-22 09:28:32.201
19,9c:e6:5e:f0:5d:3d,56,Hannah Wiggins,Sales Executive,1.0,employee,0,51.46048949839224,-0.9330264380850972,2019-10-22 09:28:15.867
20,9c:e6:5e:f0:5d:3d,56,Hannah Wiggins,Sales Executive,1.0,employee,0,51.46042671343579,-0.9328977361807624,2019-10-22 09:28:03.664
21,9c:e6:5e:f0:5d:3d,56,Hannah Wiggins,Sales Executive,1.0,employee,0,51.460420776941206,-0.9330577372452646,2019-10-22 09:27:37.773
22,9c:e6:5e:f0:5d:3d,56,Hannah Wiggins,Sales Executive,1.0,employee,0,51.46049351774139,-0.9330207589766204,2019-10-22 09:27:17.128
23,9c:e6:5e:f0:5d:3d,56,Hannah Wiggins,Sales Executive,1.0,employee,0,51.460487109833785,-0.9327621593001572,2019-10-22 09:27:09.312
24,9c:e6:5e:f0:5d:3d,56,Hannah Wiggins,Sales Executive,1.0,employee,0,51.46040552432756,-0.9328208266751336,2019-10-22 09:26:57.788
25,9c:e6:5e:f0:5d:3d,56,Hannah Wiggins,Sales Executive,1.0,employee,0,51.46049219,-0.93303804,2019-10-22 09:26:44.953
26,9c:e6:5e:f0:5d:3d,56,Hannah Wiggins,Sales Executive,1.0,employee,0,51.46049219,-0.93303804,2019-10-22 09:26:36.635
27,9c:e6:5e:f0:5d:3d,56,Hannah Wiggins,Sales Executive,1.0,employee,0,51.460362090019885,-0.9327839900347756,2019-10-22 09:26:26.516
28,9c:e6:5e:f0:5d:3d,56,Hannah Wiggins,Sales Executive,1.0,employee,0,51.46049051,-0.93277142,2019-10-22 09:26:11.478
29,9c:e6:5e:f0:5d:3d,56,Hannah Wiggins,Sales Executive,1.0,employee,0,51.46040366095222,-0.9328660751161658,2019-10-22 09:26:05.462
30,9c:e6:5e:f0:5d:3d,56,Hannah Wiggins,Sales Executive,1.0,employee,0,51.46040423,-0.93302108,2019-10-22 09:25:58.045
31,9c:e6:5e:f0:5d:3d,56,Hannah Wiggins,Sales Executive,1.0,employee,0,51.46049351774139,-0.9330207589766204,2019-10-22 09:25:35.396
32,9c:e6:5e:f0:5d:3d,56,Hannah Wiggins,Sales Executive,1.0,employee,0,51.460487109833785,-0.9327621593001572,2019-10-22 09:25:28.580
33,9c:e6:5e:f0:5d:3d,56,Hannah Wiggins,Sales Executive,1.0,employee,0,51.460492332576976,-0.9330505504444108,2019-10-22 09:25:12.037
34,9c:e6:5e:f0:5d:3d,56,Hannah Wiggins,Sales Executive,1.0,employee,0,51.460416340260615,-0.9327718020286532,2019-10-22 09:24:59.107
35,9c:e6:5e:f0:5d:3d,56,Hannah Wiggins,Sales Executive,1.0,employee,0,51.46049351774139,-0.9330207589766204,2019-10-22 09:24:49.487
36,9c:e6:5e:f0:5d:3d,56,Hannah Wiggins,Sales Executive,1.0,employee,0,51.46036342595342,-0.932798968248406,2019-10-22 09:24:37.460
37,9c:e6:5e:f0:5d:3d,56,Hannah Wiggins,Sales Executive,1.0,employee,0,51.460363071314795,-0.9327872310253428,2019-10-22 09:24:27.937
38,9c:e6:5e:f0:5d:3d,56,Hannah Wiggins,Sales Executive,1.0,employee,0,51.46041715871869,-0.9327611433010996,2019-10-22 09:24:16.311
39,9c:e6:5e:f0:5d:3d,56,Hannah Wiggins,Sales Executive,1.0,employee,0,51.4604517910853,-0.932878676771179,2019-10-22 09:24:00.574
40,9c:e6:5e:f0:5d:3d,56,Hannah Wiggins,Sales Executive,1.0,employee,0,51.4604899375836,-0.9329157215191116,2019-10-22 09:23:57.773
41,9c:e6:5e:f0:5d:3d,56,Hannah Wiggins,Sales Executive,1.0,employee,0,51.46040423,-0.93302108,2019-10-22 09:23:44.339
42,9c:e6:5e:f0:5d:3d,56,Hannah Wiggins,Sales Executive,1.0,employee,0,51.460487109833785,-0.9327621593001572,2019-10-22 09:23:26.896
43,9c:e6:5e:f0:5d:3d,56,Hannah Wiggins,Sales Executive,1.0,employee,0,51.46049351774139,-0.9330207589766204,2019-10-22 09:23:16.372
44,9c:e6:5e:f0:5d:3d,56,Hannah Wiggins,Sales Executive,1.0,employee,0,51.46048889987424,-0.9327477452542744,2019-10-22 09:23:03.341
45,9c:e6:5e:f0:5d:3d,56,Hannah Wiggins,Sales Executive,1.0,employee,0,51.46049073945919,-0.9327988287790576,2019-10-22 09:22:41.389
46,9c:e6:5e:f0:5d:3d,56,Hannah Wiggins,Sales Executive,1.0,employee,0,51.46047118305426,-0.9328273444932068,2019-10-22 09:22:21.740
47,9c:e6:5e:f0:5d:3d,56,Hannah Wiggins,Sales Executive,1.0,employee,0,51.46049351774139,-0.9330207589766204,2019-10-22 09:22:00.796
48,9c:e6:5e:f0:5d:3d,56,Hannah Wiggins,Sales Executive,1.0,employee,0,51.46042533999999,-0.93290507,2019-10-22 09:21:59.191
49,9c:e6:5e:f0:5d:3d,56,Hannah Wiggins,Sales Executive,1.0,employee,0,51.46047118305426,-0.9328273444932068,2019-10-22 09:21:47.167
50,9c:e6:5e:f0:5d:3d,56,Hannah Wiggins,Sales Executive,1.0,employee,0,51.46049051,-0.93277142,2019-10-22 09:21:37.037
51,9c:e6:5e:f0:5d:3d,56,Hannah Wiggins,Sales Executive,1.0,employee,0,51.46049219,-0.93303804,2019-10-22 09:21:15.087
52,9c:e6:5e:f0:5d:3d,56,Hannah Wiggins,Sales Executive,1.0,employee,0,51.46049219,-0.93303804,2019-10-22 09:20:33.499
53,9c:e6:5e:f0:5d:3d,56,Hannah Wiggins,Sales Executive,1.0,employee,0,51.46040423,-0.93302108,2019-10-22 09:20:11.748
54,9c:e6:5e:f0:5d:3d,56,Hannah Wiggins,Sales Executive,1.0,employee,0,51.46049051,-0.93277142,2019-10-22 09:19:52.204
55,9c:e6:5e:f0:5d:3d,56,Hannah Wiggins,Sales Executive,1.0,employee,0,51.46049219,-0.93303804,2019-10-22 09:18:08.372
56,f4:f5:24:07:bb:6d,38,Morgan Curtis,Barista,2.0,employee,0,51.4608640703827,-0.9322468356533972,2019-10-15 10:46:41.936
57,f4:f5:24:07:bb:6d,38,Morgan Curtis,Barista,2.0,employee,0,51.46071774,-0.93239636,2019-10-15 10:46:36.324
58,f4:f5:24:07:bb:6d,38,Morgan Curtis,Barista,2.0,employee,0,51.46071774,-0.93239636,2019-10-15 10:46:01.041
59,f4:f5:24:07:bb:6d,38,Morgan Curtis,Barista,2.0,employee,0,51.46094269,-0.9321665,2019-10-15 10:45:37.471
60,f4:f5:24:07:bb:6d,38,Morgan Curtis,Barista,2.0,employee,0,51.46094269,-0.9321665,2019-10-15 10:45:26.934
61,f4:f5:24:07:bb:6d,38,Morgan Curtis,Barista,2.0,employee,0,51.4608640703827,-0.9322468356533972,2019-10-15 10:45:12.602
62,f4:f5:24:07:bb:6d,38,Morgan Curtis,Barista,2.0,employee,0,51.46094269,-0.9321665,2019-10-15 10:44:46.639
63,f4:f5:24:07:bb:6d,38,Morgan Curtis,Barista,2.0,employee,0,51.46094269,-0.9321665,2019-10-15 10:44:11.440
64,f4:f5:24:07:bb:6d,38,Morgan Curtis,Barista,2.0,employee,0,51.46071774,-0.93239636,2019-10-15 10:43:48.479
65,f4:f5:24:07:bb:6d,38,Morgan Curtis,Barista,2.0,employee,0,51.46094269,-0.9321665,2019-10-15 10:43:36.548
66,f4:f5:24:07:bb:6d,38,Morgan Curtis,Barista,2.0,employee,0,51.46071774,-0.93239636,2019-10-15 10:43:07.678
67,f4:f5:24:07:bb:6d,38,Morgan Curtis,Barista,2.0,employee,0,51.46071774,-0.93239636,2019-10-15 10:42:50.319
68,f4:f5:24:07:bb:6d,38,Morgan Curtis,Barista,2.0,employee,0,51.46094269,-0.9321665,2019-10-15 10:42:38.792
69,f4:f5:24:07:bb:6d,38,Morgan Curtis,Barista,2.0,employee,0,51.4608640703827,-0.9322468356533972,2019-10-15 10:42:20.251
70,f4:f5:24:07:bb:6d,38,Morgan Curtis,Barista,2.0,employee,0,51.46071774,-0.93239636,2019-10-15 10:42:07.821
71,f4:f5:24:07:bb:6d,38,Morgan Curtis,Barista,2.0,employee,0,51.46071774,-0.93239636,2019-10-15 10:41:59.384
72,f4:f5:24:07:bb:6d,38,Morgan Curtis,Barista,2.0,employee,0,51.46094269,-0.9321665,2019-10-15 10:41:05.039
73,f4:f5:24:07:bb:6d,38,Morgan Curtis,Barista,2.0,employee,0,51.46071774,-0.93239636,2019-10-15 10:40:44.978
74,f4:f5:24:07:bb:6d,38,Morgan Curtis,Barista,2.0,employee,0,51.46094269,-0.9321665,2019-10-15 10:40:20.512
75,f4:f5:24:07:bb:6d,38,Morgan Curtis,Barista,2.0,employee,0,51.46071774,-0.93239636,2019-10-15 10:39:29.673
76,f4:f5:24:07:bb:6d,38,Morgan Curtis,Barista,2.0,employee,0,51.4608640703827,-0.9322468356533972,2019-10-15 10:39:16.350
77,f4:f5:24:07:bb:6d,38,Morgan Curtis,Barista,2.0,employee,0,51.46094269,-0.9321665,2019-10-15 10:39:06.620
78,f4:f5:24:07:bb:6d,38,Morgan Curtis,Barista,2.0,employee,0,51.46071774,-0.93239636,2019-10-15 10:38:53.484
79,f4:f5:24:07:bb:6d,38,Morgan Curtis,Barista,2.0,employee,0,51.46071774,-0.93239636,2019-10-15 10:38:41.951
80,f4:f5:24:07:bb:6d,38,Morgan Curtis,Barista,2.0,employee,0,51.46094269,-0.9321665,2019-10-15 10:38:10.275
81,f4:f5:24:07:bb:6d,38,Morgan Curtis,Barista,2.0,employee,0,51.46050869,-0.93299578,2019-12-11 09:30:09.149
82,f4:f5:24:07:bb:6d,38,Morgan Curtis,Barista,2.0,employee,0,51.46050869,-0.93299578,2019-12-11 09:29:59.113
83,f4:f5:24:07:bb:6d,38,Morgan Curtis,Barista,2.0,employee,0,51.46050869,-0.93299578,2019-12-11 09:29:49.079
84,f4:f5:24:07:bb:6d,38,Morgan Curtis,Barista,2.0,employee,0,51.46050869,-0.93299578,2019-12-11 09:29:39.043
85,f4:f5:24:07:bb:6d,38,Morgan Curtis,Barista,2.0,employee,0,51.46050869,-0.93299578,2019-12-11 09:29:29.015
86,f4:f5:24:07:bb:6d,38,Morgan Curtis,Barista,2.0,employee,0,51.46050869,-0.93299578,2019-12-11 09:29:18.981
87,f4:f5:24:07:bb:6d,38,Morgan Curtis,Barista,2.0,employee,0,51.46050869,-0.93299578,2019-12-11 09:29:08.945
88,f4:f5:24:07:bb:6d,38,Morgan Curtis,Barista,2.0,employee,0,51.46050869,-0.93299578,2019-12-11 09:28:58.910
89,f4:f5:24:07:bb:6d,38,Morgan Curtis,Barista,2.0,employee,0,51.46050869,-0.93299578,2019-12-11 09:28:48.876
90,f4:f5:24:07:bb:6d,38,Morgan Curtis,Barista,2.0,employee,0,51.46050869,-0.93299578,2019-12-11 09:28:38.845
91,f4:f5:24:07:bb:6d,38,Morgan Curtis,Barista,2.0,employee,0,51.46050869,-0.93299578,2019-12-11 09:28:28.807
92,f4:f5:24:07:bb:6d,38,Morgan Curtis,Barista,2.0,employee,0,51.46050869,-0.93299578,2019-12-11 09:28:18.772
93,f4:f5:24:07:bb:6d,38,Morgan Curtis,Barista,2.0,employee,0,51.46050869,-0.93299578,2019-12-11 09:28:08.738
94,80:58:f8:e7:95:7e,40,David Castillo,Security Guard,1.0,employee,0,51.46078621,-0.93222453,2019-10-14 10:08:09.844
95,80:58:f8:e7:95:7e,40,David Castillo,Security Guard,1.0,employee,0,51.46059815,-0.93239386,2019-10-14 10:04:40.139
96,80:58:f8:e7:95:7e,40,David Castillo,Security Guard,1.0,employee,0,51.46078621,-0.93222453,2019-10-14 10:03:48.920
97,80:58:f8:e7:95:7e,40,David Castillo,Security Guard,1.0,employee,0,51.46059815,-0.93239386,2019-10-14 10:03:20.352
98,80:58:f8:e7:95:7e,40,David Castillo,Security Guard,1.0,employee,0,51.46059815,-0.93239386,2019-10-14 10:03:09.825
99,80:58:f8:e7:95:7e,40,David Castillo,Security Guard,1.0,employee,0,51.46078621,-0.93222453,2019-10-14 10:02:24.917
100,80:58:f8:e7:95:7e,40,David Castillo,Security Guard,1.0,employee,0,51.46078621,-0.93222453,2019-10-14 10:02:16.497
101,80:58:f8:e7:95:7e,40,David Castillo,Security Guard,1.0,employee,0,51.46078621,-0.93222453,2019-10-14 10:00:53.388
102,80:58:f8:e7:95:7e,40,David Castillo,Security Guard,1.0,employee,0,51.46059815,-0.93239386,2019-10-14 10:00:25.925
103,80:58:f8:e7:95:7e,40,David Castillo,Security Guard,1.0,employee,0,51.46078621,-0.93222453,2019-10-14 10:00:04.369
104,80:58:f8:e7:95:7e,40,David Castillo,Security Guard,1.0,employee,0,51.46059815,-0.93239386,2019-10-14 09:59:22.764
105,80:58:f8:e7:95:7e,40,David Castillo,Security Guard,1.0,employee,0,51.46059815,-0.93239386,2019-10-14 09:59:14.048
106,80:58:f8:e7:95:7e,40,David Castillo,Security Guard,1.0,employee,0,51.46078621,-0.93222453,2019-10-14 09:58:30.330
107,80:58:f8:e7:95:7e,40,David Castillo,Security Guard,1.0,employee,0,51.46075811797673,-0.932249824173671,2019-10-14 09:58:24.019
108,80:58:f8:e7:95:7e,40,David Castillo,Security Guard,1.0,employee,0,51.46078621,-0.93222453,2019-10-14 09:58:17.201
109,80:58:f8:e7:95:7e,40,David Castillo,Security Guard,1.0,employee,0,51.46075811797673,-0.932249824173671,2019-10-14 09:57:53.749
110,80:58:f8:e7:95:7e,40,David Castillo,Security Guard,1.0,employee,0,51.46059815,-0.93239386,2019-10-14 09:57:45.023
111,80:58:f8:e7:95:7e,40,David Castillo,Security Guard,1.0,employee,0,51.46078621,-0.93222453,2019-10-14 09:57:33.999
112,80:58:f8:e7:95:7e,40,David Castillo,Security Guard,1.0,employee,0,51.46078621,-0.93222453,2019-10-14 09:57:24.673
113,80:58:f8:e7:95:7e,40,David Castillo,Security Guard,1.0,employee,0,51.46059815,-0.93239386,2019-10-14 09:57:10.741
114,80:58:f8:e7:95:7e,40,David Castillo,Security Guard,1.0,employee,0,51.46059815,-0.93239386,2019-10-14 09:56:34.253
115,80:58:f8:e7:95:7e,40,David Castillo,Security Guard,1.0,employee,0,51.46078621,-0.93222453,2019-10-14 09:56:22.624
116,80:58:f8:e7:95:7e,40,David Castillo,Security Guard,1.0,employee,0,51.46059815,-0.93239386,2019-10-14 09:56:05.984
117,80:58:f8:e7:95:7e,40,David Castillo,Security Guard,1.0,employee,0,51.46078621,-0.93222453,2019-10-14 09:55:54.055
118,80:58:f8:e7:95:7e,40,David Castillo,Security Guard,1.0,employee,0,51.46075811797673,-0.932249824173671,2019-10-14 09:55:49.549
119,80:58:f8:e7:95:7e,40,David Castillo,Security Guard,1.0,employee,0,51.46059815,-0.93239386,2019-10-14 09:55:34.912
120,80:58:f8:e7:95:7e,40,David Castillo,Security Guard,1.0,employee,0,51.46075811797673,-0.932249824173671,2019-10-14 09:55:15.869
121,80:58:f8:e7:95:7e,40,David Castillo,Security Guard,1.0,employee,0,51.46078621,-0.93222453,2019-10-14 09:55:00.223
122,80:58:f8:e7:95:7e,40,David Castillo,Security Guard,1.0,employee,0,51.46078621,-0.93222453,2019-10-14 09:54:50.597
123,80:58:f8:e7:95:7e,40,David Castillo,Security Guard,1.0,employee,0,51.46078621,-0.93222453,2019-10-14 09:54:43.279
124,80:58:f8:e7:95:7e,40,David Castillo,Security Guard,1.0,employee,0,51.46059815,-0.93239386,2019-10-14 09:54:21.524
125,80:58:f8:e7:95:7e,40,David Castillo,Security Guard,1.0,employee,0,51.46075811797673,-0.932249824173671,2019-10-14 09:54:04.687
126,80:58:f8:e7:95:7e,40,David Castillo,Security Guard,1.0,employee,0,51.46059815,-0.93239386,2019-10-14 09:53:54.759
127,80:58:f8:e7:95:7e,40,David Castillo,Security Guard,1.0,employee,0,51.46078621,-0.93222453,2019-10-14 09:53:21.976
128,80:58:f8:e7:95:7e,40,David Castillo,Security Guard,1.0,employee,0,51.46059815,-0.93239386,2019-10-14 09:53:03.011
129,80:58:f8:e7:95:7e,40,David Castillo,Security Guard,1.0,employee,0,51.46078621,-0.93222453,2019-10-14 09:52:47.695
130,80:58:f8:e7:95:7e,40,David Castillo,Security Guard,1.0,employee,0,51.46059815,-0.93239386,2019-10-14 09:52:30.549
131,80:58:f8:e7:95:7e,40,David Castillo,Security Guard,1.0,employee,0,51.46059815,-0.93239386,2019-10-14 09:52:26.439
132,80:58:f8:e7:95:7e,40,David Castillo,Security Guard,1.0,employee,0,51.46078621,-0.93222453,2019-10-14 09:52:17.915
133,80:58:f8:e7:95:7e,40,David Castillo,Security Guard,1.0,employee,0,51.46078621,-0.93222453,2019-10-14 09:51:51.348
134,80:58:f8:4e:11:31,30,Julie Thomas,Social Media Manager,2.0,employee,0,51.46071774,-0.93239636,2019-10-18 12:14:21.969
135,80:58:f8:4e:11:31,30,Julie Thomas,Social Media Manager,2.0,employee,0,51.46094269,-0.9321665,2019-10-18 12:13:28.215
136,80:58:f8:4e:11:31,30,Julie Thomas,Social Media Manager,2.0,employee,0,51.46094269,-0.9321665,2019-10-18 12:11:17.270
137,80:58:f8:4e:11:31,30,Julie Thomas,Social Media Manager,2.0,employee,0,51.46071774,-0.93239636,2019-10-18 12:10:49.295
138,80:58:f8:4e:11:31,30,Julie Thomas,Social Media Manager,2.0,employee,0,51.46071774,-0.93239636,2019-10-18 12:10:35.565
139,80:58:f8:4e:11:31,30,Julie Thomas,Social Media Manager,2.0,employee,0,51.46094269,-0.9321665,2019-10-18 12:09:56.049
140,80:58:f8:4e:11:31,30,Julie Thomas,Social Media Manager,2.0,employee,0,51.46092960181455,-0.9321752158236855,2019-10-18 12:09:36.097
141,80:58:f8:4e:11:31,30,Julie Thomas,Social Media Manager,2.0,employee,0,51.460892300611455,-0.9322179892414026,2019-10-18 12:09:22.965
142,80:58:f8:4e:11:31,30,Julie Thomas,Social Media Manager,2.0,employee,0,51.46092960181455,-0.9321752158236855,2019-10-18 12:08:47.355
143,80:58:f8:4e:11:31,30,Julie Thomas,Social Media Manager,2.0,employee,0,51.46092960181455,-0.9321752158236855,2019-10-18 12:08:05.842
144,80:58:f8:4e:11:31,30,Julie Thomas,Social Media Manager,2.0,employee,0,51.46069457452235,-0.9324048842129434,2019-10-18 12:07:44.385
145,80:58:f8:4e:11:31,30,Julie Thomas,Social Media Manager,2.0,employee,0,51.46069457452235,-0.9324048842129434,2019-10-18 12:07:27.238
146,80:58:f8:4e:11:31,30,Julie Thomas,Social Media Manager,2.0,employee,0,51.46071774,-0.93239636,2019-10-18 12:07:09.386
147,80:58:f8:4e:11:31,30,Julie Thomas,Social Media Manager,2.0,employee,0,51.46092960181455,-0.9321752158236855,2019-10-18 12:06:55.950
148,80:58:f8:4e:11:31,30,Julie Thomas,Social Media Manager,2.0,employee,0,51.46094269,-0.9321665,2019-10-18 12:06:38.403
149,80:58:f8:4e:11:31,30,Julie Thomas,Social Media Manager,2.0,employee,0,51.46088312646404,-0.932223727411916,2019-10-18 12:06:24.364
150,80:58:f8:4e:11:31,30,Julie Thomas,Social Media Manager,2.0,employee,0,51.46092960181455,-0.9321752158236855,2019-10-18 12:06:17.442
151,80:58:f8:4e:11:31,30,Julie Thomas,Social Media Manager,2.0,employee,0,51.46092960181455,-0.9321752158236855,2019-10-18 12:06:01.599
152,80:58:f8:4e:11:31,30,Julie Thomas,Social Media Manager,2.0,employee,0,51.46071774,-0.93239636,2019-10-18 12:05:43.408
153,80:58:f8:4e:11:31,30,Julie Thomas,Social Media Manager,2.0,employee,0,51.46071774,-0.93239636,2019-10-18 12:05:35.623
154,80:58:f8:4e:11:31,30,Julie Thomas,Social Media Manager,2.0,employee,0,51.46094269,-0.9321665,2019-10-18 12:05:23.090
155,80:58:f8:4e:11:31,30,Julie Thomas,Social Media Manager,2.0,employee,0,51.46094269,-0.9321665,2019-10-18 12:04:47.091
156,80:58:f8:4e:11:31,30,Julie Thomas,Social Media Manager,2.0,employee,0,51.46071774,-0.93239636,2019-10-18 12:04:36.764
157,80:58:f8:4e:11:31,30,Julie Thomas,Social Media Manager,2.0,employee,0,51.46088312646404,-0.932223727411916,2019-10-18 12:04:27.934
158,80:58:f8:4e:11:31,30,Julie Thomas,Social Media Manager,2.0,employee,0,51.46092960181455,-0.9321752158236855,2019-10-18 12:04:18.508
159,80:58:f8:4e:11:31,30,Julie Thomas,Social Media Manager,2.0,employee,0,51.46071774,-0.93239636,2019-10-18 12:03:58.953
160,80:58:f8:4e:11:31,30,Julie Thomas,Social Media Manager,2.0,employee,0,51.46071774,-0.93239636,2019-10-18 12:03:46.818
161,80:58:f8:4e:11:31,30,Julie Thomas,Social Media Manager,2.0,employee,0,51.46094269,-0.9321665,2019-10-18 12:03:31.878
162,80:58:f8:4e:11:31,30,Julie Thomas,Social Media Manager,2.0,employee,0,51.46092960181455,-0.9321752158236855,2019-10-18 12:03:19.544
163,80:58:f8:4e:11:31,30,Julie Thomas,Social Media Manager,2.0,employee,0,51.46071774,-0.93239636,2019-10-18 11:58:03.755
164,80:58:f8:55:3e:cc,13,Joshua Robles MD,Cybersecurity Analyst,3.0,employee,2,51.46045847782322,-0.9330749165527554,2020-02-03 13:18:57.199
165,80:58:f8:55:3e:cc,13,Joshua Robles MD,Cybersecurity Analyst,3.0,employee,2,51.46045847782322,-0.9330749165527554,2020-02-03 13:18:45.161
166,80:58:f8:55:3e:cc,13,Joshua Robles MD,Cybersecurity Analyst,3.0,employee,2,51.46045847782322,-0.9330749165527554,2020-02-03 13:18:38.067
167,80:58:f8:55:3e:cc,13,Joshua Robles MD,Cybersecurity Analyst,3.0,employee,2,51.46045847782322,-0.9330749165527554,2020-02-03 13:18:27.082
168,80:58:f8:55:3e:cc,13,Joshua Robles MD,Cybersecurity Analyst,3.0,employee,2,51.46045847782322,-0.9330749165527554,2020-02-03 13:18:19.075
169,80:58:f8:55:3e:cc,13,Joshua Robles MD,Cybersecurity Analyst,3.0,employee,2,51.46045847782322,-0.9330749165527554,2020-02-03 13:18:07.974
170,80:58:f8:55:3e:cc,13,Joshua Robles MD,Cybersecurity Analyst,3.0,employee,2,51.46045847782322,-0.9330749165527554,2020-02-03 13:17:58.731
171,80:58:f8:55:3e:cc,13,Joshua Robles MD,Cybersecurity Analyst,3.0,employee,2,51.46045847782322,-0.9330749165527554,2020-02-03 13:17:48.918
172,80:58:f8:55:3e:cc,13,Joshua Robles MD,Cybersecurity Analyst,3.0,employee,2,51.46045847782322,-0.9330749165527554,2020-02-03 13:17:37.885
173,80:58:f8:55:3e:cc,13,Joshua Robles MD,Cybersecurity Analyst,3.0,employee,2,51.46045847782322,-0.9330749165527554,2020-02-03 13:17:26.197
174,80:58:f8:55:3e:cc,13,Joshua Robles MD,Cybersecurity Analyst,3.0,employee,2,51.46045847782322,-0.9330749165527554,2020-02-03 13:17:13.159
175,80:58:f8:55:3e:cc,13,Joshua Robles MD,Cybersecurity Analyst,3.0,employee,2,51.46045847782322,-0.9330749165527554,2020-02-03 13:17:07.467
176,80:58:f8:55:3e:cc,13,Joshua Robles MD,Cybersecurity Analyst,3.0,employee,2,51.46033603,-0.93223681,2020-02-03 13:16:58.648
177,60:1d:91:6a:e6:f4,8,Hannah Smith,,,visitor,0,51.460797674418714,-0.9322473543440244,2020-01-17 09:09:12.298
178,60:1d:91:6a:e6:f4,8,Hannah Smith,,,visitor,0,51.46065474,-0.93223934,2020-01-17 09:08:55.754
179,60:1d:91:6a:e6:f4,8,Hannah Smith,,,visitor,0,51.460626445,-0.9323166,2020-01-17 09:08:40.715
180,60:1d:91:6a:e6:f4,8,Hannah Smith,,,visitor,0,51.460779387003846,-0.9322607823230584,2020-01-17 09:08:32.095
181,60:1d:91:6a:e6:f4,8,Hannah Smith,,,visitor,0,51.46065474,-0.93223934,2020-01-17 09:08:25.675
182,60:1d:91:6a:e6:f4,8,Hannah Smith,,,visitor,0,51.460779387003846,-0.9322607823230584,2020-01-17 09:08:18.757
183,60:1d:91:6a:e6:f4,8,Hannah Smith,,,visitor,0,51.46065474,-0.93223934,2020-01-17 09:07:55.601
184,60:1d:91:6a:e6:f4,8,Hannah Smith,,,visitor,0,51.460779387003846,-0.9322607823230584,2020-01-17 09:07:31.738
185,80:58:f8:36:54:87,32,Madison Lewis,Systems Analyst,3.0,employee,0,51.46071774,-0.93239636,2019-10-14 10:10:54.927
186,80:58:f8:36:54:87,32,Madison Lewis,Systems Analyst,3.0,employee,0,51.46071774,-0.93239636,2019-10-14 10:10:18.445
187,80:58:f8:36:54:87,32,Madison Lewis,Systems Analyst,3.0,employee,0,51.46071774,-0.93239636,2019-10-14 10:08:17.865
188,80:58:f8:36:54:87,32,Madison Lewis,Systems Analyst,3.0,employee,0,51.46094269,-0.9321665,2019-10-14 10:07:56.813
189,80:58:f8:36:54:87,32,Madison Lewis,Systems Analyst,3.0,employee,0,51.46087626056104,-0.9322343793991508,2019-10-14 10:07:44.986
190,80:58:f8:36:54:87,32,Madison Lewis,Systems Analyst,3.0,employee,0,51.46071774,-0.93239636,2019-10-14 10:07:37.770
191,80:58:f8:36:54:87,32,Madison Lewis,Systems Analyst,3.0,employee,0,51.46094269,-0.9321665,2019-10-14 10:07:22.530
192,80:58:f8:36:54:87,32,Madison Lewis,Systems Analyst,3.0,employee,0,51.46071774,-0.93239636,2019-10-14 10:07:02.993
193,80:58:f8:36:54:87,32,Madison Lewis,Systems Analyst,3.0,employee,0,51.46087626056104,-0.9322343793991508,2019-10-14 10:06:44.746
194,80:58:f8:36:54:87,32,Madison Lewis,Systems Analyst,3.0,employee,0,51.46087626056104,-0.9322343793991508,2019-10-14 10:06:23.490
195,80:58:f8:36:54:87,32,Madison Lewis,Systems Analyst,3.0,employee,0,51.46094269,-0.9321665,2019-10-14 10:06:13.463
196,80:58:f8:36:54:87,32,Madison Lewis,Systems Analyst,3.0,employee,0,51.46094269,-0.9321665,2019-10-14 10:06:08.252
197,80:58:f8:36:54:87,32,Madison Lewis,Systems Analyst,3.0,employee,0,51.46087626056104,-0.9322343793991508,2019-10-14 10:05:58.229
198,80:58:f8:36:54:87,32,Madison Lewis,Systems Analyst,3.0,employee,0,51.46071774,-0.93239636,2019-10-14 10:05:43.196
199,80:58:f8:36:54:87,32,Madison Lewis,Systems Analyst,3.0,employee,0,51.46094269,-0.9321665,2019-10-14 10:05:39.584
200,80:58:f8:36:54:87,32,Madison Lewis,Systems Analyst,3.0,employee,0,51.46071774,-0.93239636,2019-10-14 10:05:21.037
201,80:58:f8:36:54:87,32,Madison Lewis,Systems Analyst,3.0,employee,0,51.46094269,-0.9321665,2019-10-14 10:05:06.003
202,80:58:f8:36:54:87,32,Madison Lewis,Systems Analyst,3.0,employee,0,51.46071774,-0.93239636,2019-10-14 10:04:52.368
203,80:58:f8:36:54:87,32,Madison Lewis,Systems Analyst,3.0,employee,0,51.46094269,-0.9321665,2019-10-14 10:04:43.248
204,80:58:f8:36:54:87,32,Madison Lewis,Systems Analyst,3.0,employee,0,51.46087626056104,-0.9322343793991508,2019-10-14 10:04:31.422
205,80:58:f8:36:54:87,32,Madison Lewis,Systems Analyst,3.0,employee,0,51.46071774,-0.93239636,2019-10-14 10:04:28.515
206,80:58:f8:36:54:87,32,Madison Lewis,Systems Analyst,3.0,employee,0,51.46094269,-0.9321665,2019-10-14 10:04:16.887
207,80:58:f8:36:54:87,32,Madison Lewis,Systems Analyst,3.0,employee,0,51.46087626056104,-0.9322343793991508,2019-10-14 10:04:02.452
208,80:58:f8:36:54:87,32,Madison Lewis,Systems Analyst,3.0,employee,0,51.46071774,-0.93239636,2019-10-14 10:03:55.642
209,80:58:f8:36:54:87,32,Madison Lewis,Systems Analyst,3.0,employee,0,51.46094269,-0.9321665,2019-10-14 10:03:44.108
210,80:58:f8:36:54:87,32,Madison Lewis,Systems Analyst,3.0,employee,0,51.46094269,-0.9321665,2019-10-14 10:03:25.963
211,80:58:f8:36:54:87,32,Madison Lewis,Systems Analyst,3.0,employee,0,51.46094269,-0.9321665,2019-10-14 10:02:41.458
212,80:58:f8:36:54:87,32,Madison Lewis,Systems Analyst,3.0,employee,0,51.46094269,-0.9321665,2019-10-14 10:02:35.641
213,80:58:f8:36:54:87,32,Madison Lewis,Systems Analyst,3.0,employee,0,51.46071774,-0.93239636,2019-10-14 10:02:24.916
214,80:58:f8:36:54:87,32,Madison Lewis,Systems Analyst,3.0,employee,0,51.46087626056104,-0.9322343793991508,2019-10-14 10:02:13.395
215,80:58:f8:36:54:87,32,Madison Lewis,Systems Analyst,3.0,employee,0,51.46094269,-0.9321665,2019-10-14 10:01:55.643
216,80:58:f8:36:54:87,32,Madison Lewis,Systems Analyst,3.0,employee,0,51.46071774,-0.93239636,2019-10-14 10:00:23.014
217,f4:f5:24:a6:5a:b1,47,Matthew Butler,Account Executive,3.0,employee,0,51.46052318,-0.93286961,2019-10-15 13:13:56.151
218,f4:f5:24:a6:5a:b1,47,Matthew Butler,Account Executive,3.0,employee,0,51.46050732,-0.932584,2019-10-15 13:12:35.130
219,f4:f5:24:a6:5a:b1,47,Matthew Butler,Account Executive,3.0,employee,0,51.46050732,-0.932584,2019-10-15 13:11:58.513
220,f4:f5:24:a6:5a:b1,47,Matthew Butler,Account Executive,3.0,employee,0,51.46050732,-0.932584,2019-10-15 13:11:47.485
221,f4:f5:24:a6:5a:b1,47,Matthew Butler,Account Executive,3.0,employee,0,51.46050732,-0.932584,2019-10-15 13:11:37.669
222,f4:f5:24:a6:5a:b1,47,Matthew Butler,Account Executive,3.0,employee,0,51.46050732,-0.932584,2019-10-15 13:10:52.131
223,f4:f5:24:a6:5a:b1,47,Matthew Butler,Account Executive,3.0,employee,0,51.46050732,-0.932584,2019-10-15 13:10:43.007
224,f4:f5:24:a6:5a:b1,47,Matthew Butler,Account Executive,3.0,employee,0,51.46052318,-0.93286961,2019-10-15 13:10:20.459
225,f4:f5:24:a6:5a:b1,47,Matthew Butler,Account Executive,3.0,employee,0,51.46049802184726,-0.9325651534494104,2019-10-15 13:09:51.567
226,f4:f5:24:a6:5a:b1,47,Matthew Butler,Account Executive,3.0,employee,0,51.46052318,-0.93286961,2019-10-15 13:09:39.432
227,f4:f5:24:a6:5a:b1,47,Matthew Butler,Account Executive,3.0,employee,0,51.46050732,-0.932584,2019-10-15 13:09:14.164
228,f4:f5:24:a6:5a:b1,47,Matthew Butler,Account Executive,3.0,employee,0,51.46052318,-0.93286961,2019-10-15 13:09:06.259
229,f4:f5:24:a6:5a:b1,47,Matthew Butler,Account Executive,3.0,employee,0,51.46051962731852,-0.932805632612734,2019-10-15 13:08:59.027
230,f4:f5:24:a6:5a:b1,47,Matthew Butler,Account Executive,3.0,employee,0,51.46051729668175,-0.932798411816116,2019-10-15 13:08:49.094
231,f4:f5:24:a6:5a:b1,47,Matthew Butler,Account Executive,3.0,employee,0,51.46052318,-0.93286961,2019-10-15 13:08:34.758
232,f4:f5:24:a6:5a:b1,47,Matthew Butler,Account Executive,3.0,employee,0,51.46051729668175,-0.932798411816116,2019-10-15 13:08:15.703
233,f4:f5:24:a6:5a:b1,47,Matthew Butler,Account Executive,3.0,employee,0,51.46052012965248,-0.932859296027717,2019-10-15 13:08:05.479
234,f4:f5:24:a6:5a:b1,47,Matthew Butler,Account Executive,3.0,employee,0,51.46051729668175,-0.932798411816116,2019-10-15 13:07:47.029
235,f4:f5:24:a6:5a:b1,47,Matthew Butler,Account Executive,3.0,employee,0,51.46051962731852,-0.932805632612734,2019-10-15 13:07:33.700
236,f4:f5:24:a6:5a:b1,47,Matthew Butler,Account Executive,3.0,employee,0,51.46051729668175,-0.932798411816116,2019-10-15 13:07:20.755
237,f4:f5:24:a6:5a:b1,47,Matthew Butler,Account Executive,3.0,employee,0,51.46050732,-0.932584,2019-10-15 13:07:17.244
238,f4:f5:24:a6:5a:b1,47,Matthew Butler,Account Executive,3.0,employee,0,51.46052318,-0.93286961,2019-10-15 13:07:02.446
239,f4:f5:24:a6:5a:b1,47,Matthew Butler,Account Executive,3.0,employee,0,51.46050732,-0.932584,2019-10-15 13:06:54.491
240,f4:f5:24:a6:5a:b1,47,Matthew Butler,Account Executive,3.0,employee,0,51.46049802184726,-0.9325651534494104,2019-10-15 13:06:47.870
241,f4:f5:24:a6:5a:b1,47,Matthew Butler,Account Executive,3.0,employee,0,51.46052012965248,-0.932859296027717,2019-10-15 13:06:35.736
242,f4:f5:24:a6:5a:b1,47,Matthew Butler,Account Executive,3.0,employee,0,51.46051729668175,-0.932798411816116,2019-10-15 13:06:29.323
243,f4:f5:24:a6:5a:b1,47,Matthew Butler,Account Executive,3.0,employee,0,51.46051729668175,-0.932798411816116,2019-10-15 13:06:10.573
244,f4:f5:24:a6:5a:b1,47,Matthew Butler,Account Executive,3.0,employee,0,51.46050732,-0.932584,2019-10-15 13:06:06.972
245,f4:f5:24:a6:5a:b1,47,Matthew Butler,Account Executive,3.0,employee,0,51.46049802184726,-0.9325651534494104,2019-10-15 13:05:56.648
246,f4:f5:24:a6:5a:b1,47,Matthew Butler,Account Executive,3.0,employee,0,51.46052318,-0.93286961,2019-10-15 13:05:42.599
247,f4:f5:24:a6:5a:b1,47,Matthew Butler,Account Executive,3.0,employee,0,51.46052012965248,-0.932859296027717,2019-10-15 13:05:31.567
248,f4:f5:24:a6:5a:b1,47,Matthew Butler,Account Executive,3.0,employee,0,51.46052318,-0.93286961,2019-10-15 13:05:27.852
249,f4:f5:24:a6:5a:b1,47,Matthew Butler,Account Executive,3.0,employee,0,51.46050732,-0.932584,2019-10-15 13:04:52.565
250,f4:f5:24:a6:5a:b1,47,Matthew Butler,Account Executive,3.0,employee,0,51.46052318,-0.93286961,2019-10-15 13:03:54.819
251,f4:f5:24:a6:5a:b1,47,Matthew Butler,Account Executive,3.0,employee,0,51.46096035,-0.93229387,2020-01-14 13:10:54.005
252,f4:f5:24:a6:5a:b1,47,Matthew Butler,Account Executive,3.0,employee,0,51.46096035,-0.93229387,2020-01-14 13:10:48.984
253,f4:f5:24:a6:5a:b1,47,Matthew Butler,Account Executive,3.0,employee,0,51.46096035,-0.93229387,2020-01-14 13:10:38.863
254,f4:f5:24:a6:5a:b1,47,Matthew Butler,Account Executive,3.0,employee,0,51.46096035,-0.93229387,2020-01-14 13:10:28.742
255,f4:f5:24:a6:5a:b1,47,Matthew Butler,Account Executive,3.0,employee,0,51.46096035,-0.93229387,2020-01-14 13:10:18.616
256,f4:f5:24:a6:5a:b1,47,Matthew Butler,Account Executive,3.0,employee,0,51.46096035,-0.93229387,2020-01-14 13:10:08.534
257,f4:f5:24:a6:5a:b1,47,Matthew Butler,Account Executive,3.0,employee,0,51.46096035,-0.93229387,2020-01-14 13:09:58.370
258,f4:f5:24:a6:5a:b1,47,Matthew Butler,Account Executive,3.0,employee,0,51.46096035,-0.93229387,2020-01-14 13:09:48.242
259,f4:f5:24:a6:5a:b1,47,Matthew Butler,Account Executive,3.0,employee,0,51.46096035,-0.93229387,2020-01-14 13:09:38.208
260,f4:f5:24:a6:5a:b1,47,Matthew Butler,Account Executive,3.0,employee,0,51.46096035,-0.93229387,2020-01-14 13:09:28.094
261,f4:f5:24:a6:5a:b1,47,Matthew Butler,Account Executive,3.0,employee,0,51.46096035,-0.93229387,2020-01-14 13:09:17.967
262,f4:f5:24:a6:5a:b1,47,Matthew Butler,Account Executive,3.0,employee,0,51.46096035,-0.93229387,2020-01-14 13:09:07.852
263,f4:f5:24:a6:5a:b1,47,Matthew Butler,Account Executive,3.0,employee,0,51.46096035,-0.93229387,2020-01-14 13:08:57.719
